Model,Accuracy
LogisticRegression,0.7133333333333334
LogRegCCD,0.7133333333333334
